Area_code,Area_name,ow_obs,hyp_ten,low_bw,alc,smoke,activity,eating,sti_screen,teen_preg,in_eet,pupil_abs,ey_dev,training,ks4_dev,low_pay,pov_child,unempl,wp_safety,incare_child,avoid_mort,suicide,inf_mort,dementia,disability,diff_adls,kidney,frailty,cancer,diab,srwb_sat,srwb_worth,srwb_hap,srwb_anx,depres,semh_child,self_harm,air_poll,pub_greenspace,priv_greenspace,env_noise,road_safety,road_traff,rough_sleep,house_afford,GP_dist,pharm_dist,sport_dist,crime_pers,hle,musculo,resp,cvd,ow_obs_child,drug,can_screen,vac
E06000001,Hartlepool,70.44500086,17.08,4.648648649,1020.75,18.6,59.06190458,50.62029635,573.3453979,38.02535023,2.8,14.80276,69.3877551,13.4,60.3,34.2,21.4,9,270,138.65,312.8,11.6,3.561022985,0.94,24.7,43.18,4.91,614.05,3.09,7.08,7.56,7.84,7.39,2.74,11.84,14.99,264.17,7.3237,637.0132195,94.1,5.137169945,180.57,0.004616966,3.217434203,3.98,0.86,0.86,0.4,113.7041248,57.69058793,0.735,5.1,2.118,34.81374808,106,68.73760534,89.51404935
E06000002,Middlesbrough,64.92679321,13.33,3.482880756,964.21,17.4,57.93347676,53.46347086,632.6721191,39.35599284,4.1,15.51724,63.86138614,12.3,59.2,26.8,30,7.4,197,137.36,379.7,15.6,4.199475066,0.79,24.1,38.08,3.37,771.68,2.33,7.3,7.61,7.92,7.43,2.75,9.76,17.73,391.33,8.0331,721.2491235,94.6,6.458387448,266.14,0.015339576,7.826674731,4.44,0.63,0.63,0.47,141.6414671,58.15416628,0.75,4.43,1.814,33.48930647,121,66.32223998,87.09477374
E06000003,Redcar and Cleveland,72.50697655,17,3.249390739,806.47,13.5,64.31142467,51.93797916,500.5548401,34.56553048,4.3,13.53662,71.44615385,17.9,61.1,29.1,18.7,5.3,450,103.2,288,10.8,3.305785124,0.97,26.5,38.54,3.47,592.9,3.53,8.19,7.71,7.85,7.59,2.61,13.24,17.51,286.55,7.389,743.7696675,94.7,5.376029491,198.5,0.002592768,0.731432584,5,0.71,0.71,0.48,83.931889,60.44573867,0.62,5.13,2.25,32.51135543,91,72.43323077,91.39256916
E06000004,Stockton-on-Tees,68.00095049,15.08,3.868269733,940.14,16.4,61.86028126,49.89948472,486.5671997,26.75159236,4.2,12.04075,70.46736503,16.8,66.8,24.7,16.8,5.7,341,108.21,275.7,9.2,3.509307293,0.99,25.2,38.72,3.91,598.62,2.93,6.92,7.68,7.82,7.6,2.39,14.71,15.3,280.98,7.6095,799.7352712,94.4,13.48014554,187.18,0.004795996,1.521197893,5.29,0.76,0.76,0.47,90.48085065,58.51302652,0.74,4.685,2.014,30.28729271,92,71.14734398,93.16531918
E06000005,Darlington,68.32580783,15.95,2.848722986,639.38,13.8,61.14548495,53.82782656,839.3812256,19.45754717,3.8,13.25309,72.63325378,21.1,65.3,23.4,17.9,4.7,259,95.21,253.9,13.1,3.526300323,1,23.3,35.8,4.33,648.65,3.21,7.7,7.73,7.93,7.58,2.98,12.85,15.56,220.82,7.1363,943.1271114,94.8,5.780455305,357.1,0.00276526,2.815156804,4.73,0.76,0.76,0.48,96.64433309,61.83839874,0.95,4.53,2.16,28.72588882,72,72.21544565,91.61771414
E06000006,Halton,74.41198389,15.8,2.465331279,862.71,17.9,62.8456931,45.93810901,744.4598389,36.63003663,4.8,13.36917,64.53045685,17.7,57.7,22.5,16.1,4.5,363,92.23,299.9,11.4,3.40367597,0.74,23.9,36.88,3.93,655.34,3.23,8.31,7.62,7.87,7.49,2.6,14.57,16.82,349.73,8.6189,509.8557638,94.3,4.49653743,261.39,0.009384656,3.893110751,4.42,0.67,0.67,0.44,87.42369503,58.47559798,0.77,4.905,2.148,32.2688278,91,68.70040807,90.64560866
E06000007,Warrington,66.92676108,14.1,2.482621648,733.12,10.5,59.62174994,50.6973984,567.2354126,19.45181256,2.7,10.32983,72.82780411,19.3,67,20,13,4,284,89.82,224.4,7.2,3.628666465,0.86,17.5,32.72,3.42,659.77,3.01,6.87,7.76,7.93,7.69,2.69,12.42,12.04,302.69,8.2857,508.036505,92.6,4.218623984,240.01,0.01010307,10.02161806,5.81,0.78,0.78,0.45,70.70967372,64.34761318,0.7,4.065,1.846,29.34484936,68,71.75387405,93.06680815
E06000008,Blackburn with Darwen,61.94726354,13.39,4.294149222,675.08,16.2,57.52306295,43.12546235,536.9325562,21.72459893,3.3,11.94186,67.43436205,11.3,63.8,29.8,31.4,5.2,270,97.52,331.6,9.8,4.679683718,0.67,21.4,37.96,3.78,644.85,2.49,8.82,7.8,7.95,7.67,2.55,14.02,17.69,247.92,7.8752,737.4578648,94.6,3.866147479,712.23,0.003668382,10.07103436,4.35,0.52,0.52,0.38,105.3094493,58.70017994,0.83,4.84,1.71,29.12606576,105,64.84547987,88.40062027
E06000009,Blackpool,66.50808554,17.86,2.959830867,1015.11,21.1,54.35495467,49.22093669,1254.673218,36.93314633,3.9,12.47746,67.87221218,21.8,46.9,30.6,22.4,5.7,274,185.33,401.8,13.7,6.048387097,1.08,33.7,39.87,7.1,722.37,3.48,8.12,7.55,7.8,7.44,3.05,17.23,18.91,378.84,7.195,708.8525777,91.1,3.842536305,864.5,0.011450683,8.614191881,4.92,0.47,0.47,0.45,170.9629949,55.2167625,0.915,5.505,2.434,32.46977235,110,64.5451309,90.0642363
E06000010,"Kingston upon Hull, City of",71.52644503,14.2,3.38245144,907.02,26.1,58.51560712,42.82848729,874.3835449,29.83069067,5.5,12.75176,65.93695271,18.4,56.1,28.7,26.4,5.8,260,133.38,352,14.1,4.571984436,0.75,27.1,37.37,3.44,722.81,2.61,7.35,7.62,7.86,7.35,2.86,10.69,16.99,255.51,9.7553,830.8928822,91.3,10.3589173,826.71,0.013831369,9.975253698,4.73,0.48,0.48,0.4,143.0297915,56.90231694,0.62,4.415,1.656,33.28021905,103,68.26537646,90.29717254
E06000011,East Riding of Yorkshire,58.04523933,17.77,1.597444089,640.88,12.8,62.64948124,55.993996,452.1627808,14.64435146,2.4,10.63267,73.59469588,20.1,68.9,29.7,13.6,3.4,483,49.81,200.6,11.4,2,1.04,21.9,32.98,5.35,486.75,4.34,7.76,7.94,8.12,7.65,2.69,9.32,13.22,154.41,8.335,1727.93989,92.3,4.765067725,288.81,0.000984632,2.355615493,6.43,1.16,1.16,0.61,54.99773272,64.90922223,0.82,4.66,2.386,22.36216971,38,75.17550991,93.68136553
E06000012,North East Lincolnshire,71.68609005,16.15,2.407152682,653.85,21.2,57.0906979,53.19538399,582.6033936,26.7073636,5.9,11.95928,70.00513611,18.1,59.7,38.1,21.3,5.7,331,102.93,280.8,9.6,4.853462759,0.92,27.1,38.43,5.86,637.07,3.32,7.68,7.73,7.95,7.52,2.98,10.07,13.31,207.39,9.2382,1561.837746,95.5,5.557741244,540.21,0.003888208,8.134100024,4.71,0.65,0.65,0.43,114.1902503,60.26407356,0.785,4.565,2.066,30.27830215,43,71.71844752,94.43215585
E06000013,North Lincolnshire,72.32483665,16.98,2.344827586,698.04,21,59.61536298,54.86758002,576.2599487,21.82759896,2.7,11.25063,71.04462475,19.4,63.9,28.5,17.9,5.4,481,63.62,247,9.8,3.716017993,0.82,29.2,35.5,4.6,661.78,3.3,7.98,7.62,7.81,7.41,3.04,12.66,14.46,151.72,9.0144,2029.668376,93.3,6.361843436,331.43,0.001429671,5.232406035,5.57,1.02,1.02,0.53,82.8406151,59.44581669,0.56,4.295,2.032,31.31353851,49,71.47970112,91.45292953
E06000014,York,54.36585372,12.15,3.50148368,712.54,11.5,76.40450752,56.31489992,749.6997681,16.12903226,2.4,11.05209,74.82269504,18.8,69.6,26.7,10.7,3,185,53.39,216.9,11.9,4.637060817,0.73,15.8,28.93,3.17,512.56,3.05,5.02,7.69,7.75,7.36,2.98,10.25,12.06,189.92,8.0918,892.2743078,91.6,13.17814315,399.2,0.003518879,4.287899072,9.28,0.62,0.62,0.42,57.74370751,65.39802137,0.96,3.685,1.746,27.92542608,48,71.64557743,91.69658852
E06000015,Derby,65.49905686,13.08,3.259361997,877.73,19.2,65.0627742,47.32305311,790.8338623,19.49595816,5.6,12.88032,69.54976303,24.1,58.7,18.5,18.1,4.6,194,82.29,264.5,7.7,5.283878989,0.81,23.2,37.63,5.48,541.23,2.45,7.28,7.7,8.05,7.58,2.59,10.74,17.21,274.37,9.2605,601.8780994,90.3,3.271829328,421.73,0.01419111,10.10988669,5.28,0.55,0.55,0.44,75.26032958,61.09480896,0.715,3.94,1.64,29.58833278,52,70.26114232,87.53772075
E06000016,Leicester,54.70938923,12.15,4.454611124,700.27,17.3,63.83075278,44.96620262,648.8977661,20.76843198,4.8,12.48326,66.44778649,10.2,55.9,30.5,22.3,5.5,175,80.69,294.8,7.3,5.927641889,0.65,18.6,32.75,2.55,756.71,1.58,9.36,7.77,7.84,7.63,2.78,9.85,14.54,121.19,10.2721,430.5000538,85.5,7.809288944,723.64,0.012548703,8.727035229,7.6,0.49,0.49,0.46,104.0515965,58.2009093,0.62,3.155,1.182,29.77095859,41,62.39468835,88.89613576
E06000017,Rutland,62.93807046,16.83,1.01010101,518.78,10.8,68.11578902,65.22874189,459.9350281,3.649635036,0.6,5.08976,73.01980198,21.3,79.3,23.5,7.1,3.5,288,38.63,139.9,5.9,,0.95,22.1,34.85,5.37,555.72,4.17,6.56,7.75,7.98,7.77,3,9.3,15.92,142.47,9.1201,2555.724735,89.2,2.847870933,108.36,0.001184267,2.519082047,8.68,3.99,3.99,0.68,36.35035393,68.03421921,0.6,4.175,2.18,23.71491852,23,75.83830274,91.66649551
E06000018,Nottingham,63.63967509,10.31,4.035745172,883.53,20.6,68.12765025,50.70362367,998.4996948,24.86602358,5.1,12.50405,67.558353,17.4,54,25.8,20.9,7,216,90.96,333.2,9.9,4.545085626,0.61,23.8,34.89,2.65,594.31,1.93,5.76,7.49,7.57,7.36,3.19,10.01,14.98,213.06,9.5331,466.0371896,83,4.944176317,880.41,0.013563576,10.2697625,5.82,0.52,0.52,0.44,112.7348075,55.97756601,0.58,3.45,1.236,33.74837916,53,67.87344263,84.04458796
E06000019,"Herefordshire, County of",64.5142414,16.52,2.251655629,575.29,12.6,66.81486127,63.79591001,482.0344543,12.51303441,4.5,10.94649,74.08337519,17.3,64.2,32.3,14,2.7,261,87.11,213.2,10.92175559,4.818812645,0.97,21.9,32.42,4.79,561.2,3.88,7.04,7.86,8.01,7.69,2.59,9.9,18.91,170.19,7.8403,1276.594417,89.2,4.742148907,273.28,0.000574146,9.369778301,9.03,4.53,4.53,0.83,49.33708819,66.06403359,1.025,4.425,2.104,29.279406,38,71.95393812,89.23996931
E06000020,Telford and Wrekin,63.78682784,13.85,3.128313892,788.83,16.2,68.50082271,52.96130584,599.0037231,17.20220708,4.4,11.63468,70.91684435,21.3,59.2,30.1,15,3.9,376,92.18,266,9.665172495,4.02446877,0.67,23.9,36.18,4.82,508.45,2.92,7.8,7.71,7.98,7.42,2.98,14.06,18.68,238.46,7.7167,458.8186475,91,4.123101826,180.08,0.003481184,7.311627175,6.22,0.84,0.84,0.52,76.69334473,61.65451774,0.555,4.24,1.686,30.35373297,45,71.16600489,91.44223742
E06000021,Stoke-on-Trent,72.82892585,16.4,3.896984073,1126.93,18.7,57.37186891,45.29256137,630.815979,30.86099585,2.6,13.09415,65.93637455,12.6,53.3,27.5,25.3,6,299,129.21,316,11.36046738,7.520284979,0.98,28.2,38.37,3.97,641.39,2.91,8.38,7.56,7.72,7.42,3.08,15.34,16.91,374.96,8.1209,280.9069713,94.4,5.214339041,429.79,0.010009199,13.2899196,4.3,0.58,0.58,0.49,107.3004655,56.60424965,0.745,4.565,1.896,28.16230082,101,67.52306569,89.40146261
E06000022,Bath and North East Somerset,57.88759163,12.68,1.813471503,558.76,11.7,79.67302726,62.39191628,495.3407898,13.08807924,2.6,11.8116,72.63212977,26.9,68.5,20.2,7.9,3,184,47.53,181.7,11.01172309,1.737116387,0.8,22.7,28.57,3.71,456.21,2.99,5.13,7.79,7.89,7.54,2.88,9.69,14.37,216.02,8.7981,1096.552383,90,4.433354858,340.49,0.002224737,10.41091897,10.76,0.75,0.75,0.43,51.9973348,65.14109762,0.91,3.905,1.662,23.49148206,41,71.98436717,93.16080918
E06000023,"Bristol, City of",55.6453557,10.47,2.570990023,855.88,16.3,72.54167443,57.38522578,1132.827759,11.05060858,3,13.70014,69.00489396,26.9,61.6,15,13.6,3.8,156,68.54,263.6,10.95984726,3.355335534,0.63,21,30.27,4.02,534.93,2.39,5.58,7.53,7.64,7.27,3.41,11.8,15.4,306.54,9.9991,333.4562001,84,3.726761688,629.43,0.013715188,17.69510471,9.82,0.51,0.51,0.41,93.46683786,60.94956075,1.27,3.875,1.364,28.07780195,62,66.90318033,87.07264223
E06000024,North Somerset,66.41391596,16.08,2.370689655,727.81,12,71.1053683,63.65551414,551.4458618,15.55164319,2.5,10.62787,75.45081967,24.4,66,24.5,9.4,2.8,311,54.88,196.4,11.00057747,2.214839424,1,20.6,33.47,5.65,625.88,4.09,6.66,7.87,8,7.71,2.75,12.48,11.84,298.14,8.1768,1592.018002,90.4,15.74487868,204,0.004459244,5.142133237,9.29,0.82,0.82,0.51,59.34956689,65.34595618,1.405,4.5,2.13,23.67384325,59,72.96485615,92.42732342
E06000025,South Gloucestershire,61.20578398,14.05,2.256944444,712.82,10.6,68.31723108,57.48667991,531.5304565,9.367146447,1.7,10.51156,77.26211325,24.5,61.9,19.2,8.2,3,415,33.52,174,7.520924858,3.482114593,0.78,22,30.46,5.97,527.88,3.41,6.36,7.74,7.9,7.51,2.86,10.8,13.92,254.87,9.7531,1022.740669,91.7,2.851643764,165.06,0.005291022,1.415207823,10,0.77,0.77,0.47,49.29876452,66.89642235,1.235,4.25,1.722,24.44359687,41,74.55707234,92.55401872
E06000026,Plymouth,67.21471701,14.14,3.003952569,636.44,17,68.6838107,57.23422771,997.961792,24.01511063,6.4,12.17399,67.85361029,26.2,58.8,24.1,13.2,4.5,226,79.55,255,9.602138778,3.295280687,0.68,24,38.38,3.86,559.52,3.12,6.68,7.67,7.77,7.51,3.03,14.09,16.56,245.56,7.6226,752.5620881,90.5,5.543403277,500.45,0.011639336,8.741923223,6.85,0.56,0.56,0.4,77.27860129,60.34391676,0.87,4.67,1.864,28.81818826,52,71.89493944,92.69691723
E06000027,Torbay,59.79579038,17.3,2.9143898,808.18,16,70.67501235,60.66888394,614.6234741,23.60965373,3.2,11.91657,70.37562013,26.6,62.4,43,14.4,3.6,220,128.65,269,19.45379752,3.356571133,1.08,28.7,39.74,7.81,516.6,3.96,7.52,7.68,8.05,7.6,2.88,12.74,17.66,305.92,6.6506,507.7595646,89.6,2.673442333,582.58,0.00712361,13.99322433,8.01,0.58,0.58,0.43,76.80807188,62.13830756,1.555,4.955,2.306,29.16550138,43,70.55336831,91.60661781
E06000030,Swindon,63.66350649,14.8,2.684859155,849.2,17.7,71.67996942,56.30758473,763.1730957,17.74148127,2.1,11.16378,70.80217539,17.6,61,18.4,10.6,3.8,203,72.11,222.2,7.797477935,3.140475903,0.63,22,30.29,3.73,665.2,2.73,7.9,7.63,7.89,7.51,2.77,11.21,16.73,407.01,10.2743,865.1767794,91.4,5.964567266,295.24,0.00579988,15.76604984,7.92,0.65,0.65,0.43,68.3615921,62.49888286,0.77,4.195,1.568,28.7008098,81,69.80112301,90.96779896
E06000031,Peterborough,68.26425216,11.88,3.364632238,590.62,19.5,61.72078864,47.95933057,921.5175781,24.58761282,4.6,11.59186,66.70914304,19.8,55.4,28.5,20.5,4.9,285,73.79,260.7,12.15049006,5.333925992,0.69,25.8,33.23,2.39,656.37,2.29,7.2,7.63,7.84,7.59,2.77,8.94,14.37,228.46,10.1494,931.5882688,93.8,2.780527355,354.63,0.003777551,14.4249183,7.73,0.74,0.74,0.49,94.78663556,60.45378505,0.465,3.355,1.304,26.86281667,40,67.41136312,87.18876647
E06000032,Luton,60.64844398,12.2,3.920220083,772.49,16,58.66766808,40.72178938,811.9129028,16.28327733,2.6,12.19147,68.9005559,16.3,56.4,15.7,22.7,4.6,250,66.79,267.3,6.23287332,5.448000778,0.52,17.1,31.11,2.57,433.03,1.83,8.18,7.64,7.96,7.66,2.44,8.22,14.7,188.36,11.3321,605.3735343,87.3,4.892435603,849.68,0.013600922,21.95143595,9.17,0.53,0.53,0.4,88.37087652,60.38387317,0.545,3.345,1.172,30.91153965,69,64.57452852,82.93606482
E06000033,Southend-on-Sea,67.98018363,15.22,2.1567596,636.34,15.9,62.96788519,55.75073291,682.9182739,21.43622722,2.6,9.84945,73.94301471,16.5,71.5,29.1,12.9,3.6,209,74.4,239.8,9.77983584,2.905643065,1.04,20.1,33.91,3.83,599.17,2.9,6.82,7.64,7.88,7.6,2.91,11.35,11.55,165.76,10.2649,576.33105,85.9,11.95120059,618.94,0.010795504,6.028619501,8.93,0.5,0.5,0.45,94.14511435,62.00200205,0.735,4.085,1.686,27.60892953,37,66.23742707,89.18088109
E06000034,Thurrock,68.97054032,14.19,2.115211521,658.04,17.9,60.91203475,47.28596372,693.5300293,18.72129989,1.6,10.10492,74.50657895,15.3,60,23.7,13.9,4.1,413,71.92,232.3,9.037176176,3.110630241,0.6,19.1,31.92,5.03,614.24,2.3,6.87,7.53,7.82,7.4,3.07,10.05,14.81,142.41,11.4523,859.3309104,86.3,9.181278076,261.26,0.007140542,5.21663527,10.07,0.69,0.69,0.55,86.56716418,61.98986814,0.78,3.67,1.334,31.08159529,26,67.39083226,87.95590581
E06000035,Medway,69.21949696,15.2,2.407261247,483.08,14.7,63.92027047,48.31717417,601.6491089,23.20185615,2.9,11.09336,72.77635692,22,63.6,24.7,16.4,3.9,326,64.75,240.7,9.395965144,3.633653219,0.59,20.9,33.04,3.87,574.15,2.85,7.9,7.51,7.82,7.45,3.23,13.05,16.75,140.77,12.0612,630.2590742,92.3,5.42980138,631.92,0.004848669,6.838099008,9.31,0.59,0.59,0.44,106.9046805,62.49811484,0.72,3.86,1.472,28.68759166,29,70.25567343,89.40056857
E06000036,Bracknell Forest,62.51653751,12.57,1.674641148,505.43,10.9,73.87089126,58.34839397,528.9161377,9.758364312,2.8,8.59179,75.22743177,21.4,68,14.8,8.4,2.4,170,49.16,178.2,9.103303543,2.84629981,0.5,19,26.36,3.71,591.1,2.73,5.9,7.78,7.95,7.65,2.76,12.97,13.26,215.37,10.6043,638.415381,89.5,4.297833015,218.04,0.004444486,15.61524047,11.88,0.78,0.78,0.44,47.83194714,67.79932115,0.62,3.53,1.246,27.15987894,32,72.26750213,91.98137667
E06000037,West Berkshire,56.58300387,13.59,1.52284264,439.56,10.1,68.52408766,60.08182893,449.1184082,10.17293998,1,9.24819,74.09543786,16,69.5,11.6,8.4,2.8,249,40.51,184,8.475178214,3.756425465,0.72,14,27.36,4.5,555.1,3.18,5.4,7.88,8.02,7.84,2.7,9.74,15.12,212.06,9.8118,1379.618749,90.1,4.187134122,104.96,0.002800782,11.35453267,11.15,1.54,1.54,0.54,50.48982192,68.60816012,0.81,4.025,1.472,24.53126396,22,73.72065665,92.76122304
E06000038,Reading,55.72398803,11.06,2.804746494,566.65,13,68.75159765,50.79042909,1140.235474,20.1511335,4.3,12.15593,71.08843537,14.5,60.7,14.9,12.6,4.1,153,74.95,253.4,7.239050419,3.529079616,0.56,18.5,27.99,3.37,504.98,2.1,5.33,7.64,7.7,7.58,2.98,9.39,13.7,261.47,11.6694,593.6141914,86.3,3.259744,820.9,0.008684425,15.31834586,10.54,0.56,0.56,0.37,89.61845064,64.75351066,0.68,3.195,0.998,28.31454513,51,65.92317008,88.47403673
E06000039,Slough,66.75742753,12.17,3.713768116,678.43,21.3,55.79702728,45.07969081,772.4552612,12.34106208,3.2,9.65615,73.54052919,26.9,73.9,16.5,16.3,3.7,181,48.84,278.5,10.07955471,5.653431501,0.38,18.4,30.59,3.16,524.65,1.53,9.45,7.54,7.73,7.42,3.26,7.5,13.55,172.62,12.0684,578.980185,81.2,2.9826109,515.47,0.01699019,19.44846827,10.17,0.49,0.49,0.39,91.01212511,59.34376643,0.57,3.165,1.162,31.68530829,32,62.80034828,87.47506191
E06000040,Windsor and Maidenhead,58.66763729,12.79,2.637057599,510.29,8.4,71.15214289,55.9636785,611.9029541,5.496518871,1.1,9.0954,74.26210153,27.3,73.5,14.5,7.4,2.7,196,31.15,181.5,8.478259651,3.608660786,0.8,17.8,25.45,3.83,546.09,3.04,5.18,7.83,7.87,7.73,3.02,8.61,15.28,168.29,10.7974,687.1793098,87.8,12.15988761,181.95,0.00601356,7.289305926,12.87,0.69,0.69,0.43,56.49874756,70.20147377,0.535,3.245,1.484,23.97722947,27,70.53175599,90.34500912
E06000041,Wokingham,50.93831666,12.48,1.973684211,389.36,8.2,73.48650395,58.6201728,486.4350281,7.521255723,1.1,8.65824,75.29986673,18.4,75.3,11.9,6.8,2.5,210,27.39,156.1,6.704929815,3.38664158,0.77,16.8,24.9,4.23,451.97,3.07,5.23,8.04,8.02,7.76,2.51,8.93,11.82,194.85,10.8497,716.4990512,91.6,3.96541394,190.99,0.005909795,4.167187565,11.84,1.02,1.02,0.5,38.42146935,71.21444823,0.76,3.71,1.344,21.13890854,27,74.08250081,93.15569218
E06000042,Milton Keynes,64.80473067,12.69,3.347146956,621.48,13.4,67.1074066,54.10943455,651.9523926,18.41297676,3.4,11.44944,73.31612903,16.5,59.9,13.5,15.5,4.3,245,57.8,233.8,7.3897718,5.186721992,0.56,19,31.1,2.36,553.23,2.45,6.33,7.59,7.84,7.62,2.8,9.99,13.95,130.55,10.856,610.5685599,86.7,8.760918683,302.66,0.005491962,15.26393579,9.56,0.81,0.81,0.45,80.36648338,64.01616674,0.47,3.625,1.192,28.61922101,29,69.55013695,90.80719217
E06000043,Brighton and Hove,50.39663475,9.57,1.575138357,487.89,19.3,76.65039152,61.31893585,1555.434448,12.64253842,3,11.76736,72.62801205,23.2,68.2,18.3,13.2,6,156,81.99,260.3,14.38157113,3.343653251,0.59,21.9,33.63,2.98,558.97,2.29,4.09,7.56,7.57,7.38,3.43,11.11,16.03,264.98,10.8699,593.7484767,87,7.672226928,759.96,0.010856216,22.03894695,11.87,0.44,0.44,0.38,76.93658637,65.34734276,0.4,3.46,1.184,21.99776534,41,66.57309324,85.76376091
E06000044,Portsmouth,64.4315933,11.8,2.737226277,640.35,17.5,67.71901583,50.3724133,918.1862183,18.85521886,3.7,13.5608,70.33965245,20.6,57.1,21.7,17.3,4.4,185,93.91,283.9,13.28793077,3.522557919,0.65,21.3,31.53,2.83,564.03,2.55,6.13,7.65,7.78,7.64,2.78,10.25,16.43,359.19,12.4224,498.9102336,85.9,10.05127015,637.78,0.020187353,8.831745943,8.67,0.44,0.44,0.38,102.206542,62.45875389,0.81,4.205,1.474,30.31891551,57,65.52275565,93.06660211
E06000045,Southampton,64.16326871,10.41,2.741652021,856.65,16.2,69.29885271,52.31032704,1074.40332,17.35688185,4.4,12.26434,71.02835668,21.3,56.7,16.9,18.5,5.6,203,103.77,273.2,12.67939385,4.485741749,0.56,22.6,31.93,2.36,653.98,2.16,5.71,7.7,7.71,7.5,3.28,10.99,19.4,372.9,11.2241,510.4092106,82.9,9.432986161,721.09,0.014808763,11.4717005,8.07,0.56,0.56,0.39,107.0784348,60.56643024,0.665,3.98,1.278,30.3484519,70,65.03794122,91.11184813
E06000046,Isle of Wight,62.26535954,17.77,2.642276423,716.38,13.2,74.90411839,57.47293215,606.8556519,17.91044776,2.7,12.59099,72.96072508,24.6,54.3,30.3,17.8,4,252,90.2,218.3,10.52893749,4.05561993,1.25,27.8,40.43,3.89,518.85,4.2,7.33,7.84,8.03,7.71,2.85,9.87,17.64,227.48,9.2131,815.6912699,90.1,3.91035024,673.28,0.001130725,16.95657703,7.86,0.96,0.96,0.54,60.36541424,60.35304159,1.005,4.78,2.22,28.34706205,46,70.95378175,87.91430856
E06000047,County Durham,66.69195433,16.79,2.766531714,758.03,15,61.92214584,52.75589182,584.3964844,26.42466302,4.8,11.38569,72.7645904,20.9,61.4,24.2,18.1,4.6,323,79.57,268,12.8,3.946070372,0.95,25.6,38.59,4.31,603.3,3.29,7.89,7.83,8.07,7.53,2.82,12.52,14.36,195.82,6.5196,1142.360023,94.1,3.975756769,268.23,0.001266196,2.277126267,3.62,1.03,1.03,0.49,84.76412767,58.84284242,0.84,4.97,2.318,31.02861035,60,72.78351086,95.54700336
E06000049,Cheshire East,64.78391572,15.68,2.418632428,615.1,8.7,73.74133792,52.7011605,492.1970825,11.93040597,2.1,10.10052,72.89765721,18.2,69.5,20.5,11.1,3.1,248,62.9,203,8.8,3.363724883,1,16.3,31.85,4.91,558.94,3.7,6.62,7.93,7.96,7.61,2.65,12.19,10.89,228.61,7.1494,1014.654546,90.7,3.536610151,240.01,0.002600605,2.626119383,7.23,0.97,0.97,0.55,62.49376297,68.18524541,1.01,4.07,2.038,25.91667345,50,72.84794383,92.64324749
E06000050,Cheshire West and Chester,63.51336453,15.12,2.246825138,640.79,13.8,67.0309794,55.61627282,665.0575562,13.36691205,2.4,11.60318,71.75184338,15,64.2,22,12.5,3.6,246,73.72,222.2,8.7,3.063666826,0.86,16.8,34.39,3.92,515.41,3.67,6.7,7.72,7.87,7.6,2.87,10.98,14.69,209.08,7.3481,932.5938572,91.5,0.966424659,252.91,0.002885617,4.992628531,6.61,0.81,0.81,0.54,63.93795044,65.861392,1.09,4.34,2.004,25.8454938,44,72.87321517,90.82736551
E06000051,Shropshire,73.1701651,16.49,2.243589744,688.92,13.6,69.13196022,57.37489697,384.1315308,11.04551514,2.1,10.68895,69.86255448,22.8,63.4,27.3,13.2,2.9,310,56.62,200.4,8.651496748,4.258843014,1.17,19.9,33.85,6.03,588.59,4.01,6.89,7.77,7.93,7.68,2.97,11.73,14.53,164.03,7.1781,2860.190925,89.7,2.569674716,212.99,0.000671091,6.556885667,7.79,1.72,1.72,0.82,51.71509395,64.30245415,0.94,4.41,2.192,26.75146058,36,74.49037577,92.80510807
E06000052,Cornwall,58.18784224,15.34,2.992021277,783.39,13.8,69.77510289,62.92550513,582.3607788,15.72364503,3.5,12.31912,68.51541555,20.7,61.3,33.9,14.3,2.8,292,43.29,214.9,14.25927223,4.006720951,0.82,26.3,37.12,5,595.95,3.6,6.6,7.74,7.95,7.61,2.82,10.93,13.79,262.83,6.5187,1855.633113,89.2,4.251439616,339.3,0.000976584,9.364487038,8.82,1.48,1.48,0.6,45.71459871,62.39719348,0.885,4.59,2.32,27.07968743,55,72.38448107,88.93253606
E06000054,Wiltshire,57.63807616,15.6,2.519291875,586.33,12.3,70.76558161,64.20668422,472.8233643,9.040085643,1.9,10.808,72.11308977,23.9,68,21.5,8.3,2.9,280,41.95,181.3,8.850028449,2.97880983,0.97,21.7,30.02,4.23,555.06,3.78,6.8,7.8,7.93,7.75,2.8,10.01,15.57,266.57,8.8985,1487.641565,90.6,1.704600212,231.82,0.001182013,4.417103023,9.53,1.55,1.55,0.6,46.22899868,67.11057454,0.875,4.235,1.994,24.45277869,46,73.56920525,93.89822848
E06000055,Bedford,60.86153757,14.2,2.966751918,592.98,15.3,63.48053454,51.77216799,699.9776611,19.81551076,3.7,11.00817,69.56521739,19.5,62.3,19.3,13.5,4,308,60.93,224.6,12.0608458,4.113972269,0.7,15.5,30.1,3.87,559.87,3,7.23,7.87,7.8,7.59,2.62,11.78,15.16,217.4,10.2258,890.5338467,90.9,3.618407588,386.89,0.001888056,29.71629677,10.89,0.9,0.9,0.49,79.53479429,63.86222826,0.82,4.055,1.57,27.667688,54,69.18569887,92.40000423
E06000056,Central Bedfordshire,60.99234863,14.21,2.707164081,586.51,13.8,63.38977282,55.76467495,458.2767944,14.46416831,3.3,10.62891,73.15472936,18.9,64.1,26.3,8.9,2.9,356,50.77,189.6,8.972612459,3.433649768,0.64,16.3,29.23,3.41,526.07,3.14,6.33,7.88,8.02,7.75,2.61,10.27,13.98,163.04,10.1658,1581.538367,90.1,2.990568178,292.19,0.003103584,5.994231434,10.67,1.07,1.07,0.49,60.06219897,66.80809433,0.625,4.07,1.558,24.41853488,42,73.29624513,93.73525185
E06000057,Northumberland,62.20952733,17.73,2.445193929,954.69,12.1,65.67921241,55.79808769,482.7721558,17.26973684,3.9,10.84195,74.97733454,15.2,63.5,33.3,16.7,4.3,319,65.68,228.6,11.3,2.674446876,1.04,23.3,38.02,5.93,579.62,4.02,8.08,7.58,7.89,7.47,2.72,12.09,14.41,392.38,6.0358,1519.365315,92.8,2.391717004,284.22,0.000395079,0.312232651,5.48,1.3,1.3,0.6,64.56346753,62.17294067,1.235,5.055,2.544,29.90288554,95,75.18345201,91.84075903
E06000058,"Bournemouth, Christchurch and Poole",61.88525788,14.16,2.750434279,806.83,14.6,70.99272586,59.74012256,711.8087158,13.09651956,3.120538562,11.09241349,74.69285657,21.9,,19.5,10,3.3,233,65.54140087,218.4,12.30467739,3.42294206,1.02,18.7,32.75,5.82,639.64,3.74,6.16,7.653210312,7.839126215,7.491364128,2.86364512,10.83,15.57410079,368.82,9.303682269,646.1181857,88.5,6.887580303,492.1174864,0.003450319,11.36983809,9.6,0.621185394,0.621185394,0.493341798,78.67927961,65.55619201,0.9,4.24,2.086,25.35430373,65.74573757,71.01972527,91.6412341
E06000059,Dorset,61.67326751,18.03,2.696456086,548.57,12.4,70.50358497,64.32799339,774.5529785,12.11072664,2.9,11.08399,70.26239067,18.7,66.3,27.6,10.2,2.6,296,58.68,184.7,12.22466268,3.575019551,1.1,19.5,34.25,6.38,562.04,4.88,7.13,7.887003166,8.123323674,7.722646328,2.711988956,10.95,16.72,274.1,7.986742468,1704.106304,91.4,4.085960462,258.75,0.001084129,9.296543811,10.49,1.502837757,1.502837757,0.65043452,41.87181724,65.53298148,1.215,4.85,2.608,25.45807385,48,74.91188007,92.88628502
E06000060,Buckinghamshire,53.75956807,13.94,3.099059214,535.43,10.24536282,70.54704117,57.81270179,639.2107544,8.542501582,1.7,10.7459,73.90267176,21.4,76.8,17.8,10.51082919,2.9,242,38.59,165.8218424,8.004911038,4.084373077,0.79,17.1,26.14,3.11,495.64,3.3,6.09,7.89,8.01,7.68,2.89,10.72,11.95,144.68,10.419,1631.155709,88.4484523,2.294708177,204.13,0.002707748,7.221433214,11.98,1.115667233,1.115667233,0.507544046,51.90173666,68.56077169,0.705,3.73,1.606,23.5378685,31,72.5195587,91.82443416
E08000001,Bolton,62.86546206,13.84,4.303405573,702.95,15.3,61.12453546,50.4170472,609.0700073,19.40734558,4,12.62011,67.50629723,13.3,61,27.7,27.9,4.9,263,91.2,291,11.7,5.302894122,0.78,22.5,34.42,5.72,607.06,2.46,8.36,7.71,7.89,7.52,2.93,11.67,14.07,204.21,8.4678,653.429451,91.4,1.212452518,299.5,0.010389802,7.358815861,4.86,0.55,0.55,0.4,100.7877437,60.4340955,0.59,4.35,1.616,29.18028239,68,69.97559554,91.91526179
E08000002,Bury,63.55505073,14.04,3.302845528,625.91,16,61.26821093,46.39957684,604.1940308,22.68431002,3.6,11.78367,70.86285952,15.9,61.3,27.7,19.6,4.2,346,77.24,262.2,9.3,4.099560761,0.91,22.7,33.82,4.84,595.22,2.74,7.52,7.65,7.87,7.6,2.96,8.17,15.08,220.34,8.2247,568.3629735,93.4,4.745965652,198.56,0.011241358,1.578050371,5.89,0.68,0.68,0.41,80.48056894,61.0626507,0.725,4.325,1.744,27.71118767,45,70.76104817,85.56170572
E08000003,Manchester,62.99092359,10.15,3.432458083,775.07,17.2,67.82002089,47.60695403,1493.334717,22.38713667,3.4,11.3174,66.93647963,22.1,55.3,17.6,28.9,5.2,185,103.73,385.8,8.7,6.357615894,0.47,20.7,35.06,2.68,698.19,1.82,6.43,7.53,7.75,7.38,3.01,11.73,15.94,172.45,8.679,443.2678358,79.3,6.878733289,525.74,0.01652942,22.4605434,6.55,0.47,0.47,0.44,138.7148552,57.65334489,0.61,3.905,1.208,32.80518675,51,60.23036951,85.37356509
E08000004,Oldham,67.14096107,13.31,3.545845272,737.31,18,58.91502075,48.05950593,642.1719971,27.52293578,3.8,12.57347,64.12888509,14.2,56.9,27.6,33.1,5.3,302,93.28,315.6,8.4,5.487804878,0.75,27.4,37.34,3.85,557.85,2.67,8.52,7.58,7.86,7.45,2.78,12.12,14.38,201.84,8.2753,750.6201886,91.2,4.435050908,395.98,0.005464249,0.848813571,5.06,0.6,0.6,0.41,101.6666454,59.82617996,0.755,4.63,1.638,29.71737729,48,68.81165588,90.93128621
E08000005,Rochdale,64.23502222,14.39,3.018108652,704.23,16.2,60.06445572,43.20413248,624.4879761,23.18684281,3.4,12.4327,66.16492147,17.4,58.8,29.9,25.8,5.1,362,95.53,331.5,10.9,4.622322435,0.67,24.9,36.34,4.35,614.47,2.87,8.63,7.48,7.8,7.39,3,16.82,13.85,228.59,8.0288,697.2654261,92.1,4.537093985,226.25,0.007267299,1.363630165,4.83,0.62,0.62,0.45,100.8177236,59.90375953,0.75,4.825,1.81,31.37326512,61,68.95899619,89.90046293
E08000006,Salford,66.20687903,12.17,3.001277139,885.11,20,61.71276814,49.88107133,1230.863892,28.9815818,5.5,12.94987,67.42925948,19.8,54.5,18.5,20.5,5,265,102.77,324.6,10.7,4.903774981,0.73,22.4,33.37,3.34,705.98,2.24,6.54,7.55,7.8,7.3,2.95,10.43,19.11,380.69,8.714,528.307046,82.1,3.487308704,260.47,0.015878862,10.21980441,6.35,0.58,0.58,0.4,98.04330053,58.54491093,0.55,4.045,1.668,31.02224646,82,65.49165455,88.29286825
E08000007,Stockport,60.60806225,15.06,1.692573402,709.25,13.3,68.27931843,56.47477699,594.3321533,15.0209852,2,11.75803,70.00278009,20.6,67,26.3,13.2,3,241,57.54,224.2,8.8,4.688279302,0.93,19.2,31.7,3.1,550.23,3.37,6.71,7.72,7.98,7.62,2.63,13.73,13.7,252.3,8.0512,510.0484002,90.7,2.794069202,217.23,0.010409102,2.399108902,7.33,0.57,0.57,0.38,67.5486248,64.84700129,0.975,4.555,2.028,27.46707524,66,71.59522203,93.59245097
E08000008,Tameside,65.49124833,15.99,3.706788838,713.24,17,62.51133747,51.13722738,742.0655518,28.01428179,2.9,10.71727,65.69632815,16.2,61.9,25.4,20.9,4.7,347,124.08,316.5,11.6,3.632103105,0.86,24.3,39.03,2.96,621.07,2.85,8.04,7.73,7.97,7.61,2.61,14.15,13.73,237.78,8.3712,570.757295,92.4,4.543449529,351.2,0.007977229,15.98600337,5.92,0.64,0.64,0.4,93.24724574,59.33204439,0.76,4.94,1.946,30.19749626,66,68.74400918,90.93624892
E08000009,Trafford,57.30333983,14.28,3.408606732,600.96,13.5,67.15741763,54.24139537,758.507019,12.26704411,2.4,8.54394,75.30364372,19.9,79.1,23.7,11,3.7,321,68.47,219.5,6.8,4.183070866,0.83,18.6,31.41,5.04,547.96,3.54,6.42,7.77,7.86,7.54,2.68,13.98,12.33,156.26,8.2388,570.4442447,92.5,4.425265474,247.52,0.009753223,1.269196599,7.53,0.53,0.53,0.4,66.50167111,66,0.875,4.585,1.888,25.35505124,41,71.63588778,92.54600434
E08000010,Wigan,68.74102016,16.07,2.686953707,761.36,15.5,61.84547796,47.44667547,466.6834412,18.72948446,2.8,11.28658,68.63270777,13.5,62.2,31.5,17.5,4.1,343,70.36,281.6,12.3,3.486290399,0.82,22.4,36.89,4.79,674.06,3.13,7.73,7.75,8.09,7.63,2.54,13,15.67,337.3,7.961,737.0623288,94,2.090023644,223.08,0.007146809,5.213316651,4.8,0.66,0.66,0.44,75.16375948,61.40078568,0.84,4.83,2.092,31.26964757,100,70.91921031,92.79067419
E08000011,Knowsley,71.20021573,15.45,2.333152469,939.67,18.1,63.32006207,43.42101433,818.2655029,30.79416532,5.4,15.99277,68.32797428,14.5,41.9,21.2,19.6,3.6,583,87.46,344.5,11.5,3.355704698,0.71,24.1,42.39,5.01,670.96,3.14,7.9,7.56,7.89,7.52,2.93,16.3,19.26,346.59,8.9456,349.1106492,92.5,2.989943674,213.62,0.012717871,0.668578802,5,0.6,0.6,0.53,67.47965849,58.71964819,0.845,4.835,2.05,34.76170389,101,66.7257914,90.7920285
E08000012,Liverpool,62.44599387,13.8,2.477012573,997.02,14.7,66.41949341,49.24915424,1122.705811,26.26838787,5.4,14.22803,66.05366861,15.2,57.1,22.1,23.7,4,222,127.3,354.8,9.5,6.123939547,0.64,24.3,37.47,5.67,645.56,2.83,6.45,7.5,7.72,7.43,2.81,12.4,18.2,281.23,9.3334,352.6912314,83.9,5.6225545,544.92,0.01504715,3.031442118,4.21,0.44,0.44,0.45,95.88451418,59.24590917,0.845,4.44,1.766,32.34982424,102,63.43715014,89.03277474
E08000013,St. Helens,72.55393066,17.75,2.782415136,882.7,15.8,61.74636552,49.03887856,680.9095459,37.25562523,4.8,11.19029,69.03745851,17.9,59.8,32.9,17.6,3.5,436,120.62,289.7,16.1,3.504088103,0.99,25.6,37.34,4.26,631.11,3.41,7.98,7.63,7.86,7.45,2.94,15,17.48,433.37,8.3773,453.7485601,94.5,3.60457431,258.54,0.006751008,7.77566107,4.78,0.74,0.74,0.44,73.66328055,59.25076674,0.56,5.435,2.254,33.3404383,125,70.7455249,89.37838826
E08000014,Sefton,71.24242045,17.46,2.889447236,912.31,11.1,63.6890936,48.33154484,731.6604004,17.8981184,3.1,11.75857,70.82219251,17.6,62.3,32.9,15.6,3.1,448,89.7,256.5,11.5,4.197012714,1.05,25.1,38.34,6.2,568.73,3.95,7.37,7.61,7.95,7.4,3.07,12.09,12.26,333.33,7.8618,534.6704645,92.1,3.505988102,539.09,0.005361768,3.994248282,6.09,0.58,0.58,0.46,63.43229386,63.16976572,0.675,4.75,2.384,30.38976922,89,68.76057726,89.25195421
E08000015,Wirral,62.4771087,16.18,2.073578595,895.05,12,62.10462769,50.24019035,708.5452881,20.55968018,3.4,13.31707,70.45269721,16.1,66.8,30.4,14.8,2.8,287,123.03,278,9.7,5.078669588,0.95,23.8,39.18,5.12,552.96,3.68,7.27,7.68,7.94,7.48,2.81,16.48,16.76,287.98,8.0131,460.4826575,93.4,2.420611376,364.69,0.007839676,4.949959008,5.77,0.55,0.55,0.47,66.54601142,62.5863641,0.93,4.79,2.248,30.29219475,100,70.03187063,92.8195793
E08000016,Barnsley,69.72356323,15.62,2.865329513,856.27,17.4,60.27405169,47.66676861,495.6637573,26.2808601,2.8,13.30061,69.99653139,15.8,60.8,24.5,19.7,5,342,61.77,267.3,9.2,2.800097395,0.81,27.4,39.96,4.4,595.73,3.04,7.66,7.73,8,7.48,2.8,12.27,15.3,333.33,7.4596,882.9991724,94.3,5.831997684,320.75,0.004168631,6.933144099,4.65,0.73,0.73,0.46,84.26217073,61.02839734,0.535,4.695,2.164,25.05177021,72,73.45824259,95.1062044
E08000017,Doncaster,71.43931222,15.5,3.298197892,828.71,19.6,60.12839252,53.13500118,626.4438477,22.62908866,3.2,14.33661,70.5285638,20.9,58.5,30.2,21.5,5.6,398,86.39,278.8,12.3,4.045853001,0.87,26.5,37.88,5.46,553.25,2.95,8.3,7.59,7.79,7.37,3.2,10.73,13.82,240.24,8.5418,1301.403245,94.1,7.113369528,251.98,0.004094168,8.69447611,4.98,0.73,0.73,0.51,107.2898352,59.14972081,0.635,4.775,1.942,29.53100537,62,71.50627307,89.87420226
E08000018,Rotherham,62.71151303,16.06,2.983383686,768.22,18.9,55.76641864,54.15493262,559.3547974,20.76124567,3.4,12.52822,73.10136157,23.2,58.9,30.3,20.2,4.9,293,108.7,273.6,13.1,3.615249781,1.03,27.4,35.99,4.16,618.74,3.06,7.52,7.39,7.68,7.35,3.14,14.4,16.62,172.32,7.9883,899.484521,94.8,7.410022375,270.43,0.005910573,1.889137835,5.15,0.69,0.69,0.42,86.03511529,59.19483019,0.615,4.965,2.066,30.82943955,53,72.75965636,94.54134218
E08000019,Sheffield,62.48058414,12.97,2.927525884,736.45,12.5,68.86047726,53.5676267,646.9189453,19.2689478,3.6,13.27695,70.34929667,29.6,59.5,21.7,20.9,4.8,196,53.81,249.7,8.1,3.978432707,0.84,22.9,34,3.93,567.52,2.72,6.48,7.73,7.87,7.45,3,10.94,16.5,167.42,7.3962,567.4402223,85.9,3.458664402,496.58,0.005391129,4.463473338,5.73,0.55,0.55,0.45,80.91590473,60.99613532,0.785,4.255,1.866,28.76064852,28,71.23744597,91.1749398
E08000021,Newcastle upon Tyne,60.83662764,11.98,3.812213202,914.19,16,67.12072613,54.93633804,930.8843384,24.15812592,5,13.34702,70.92307692,13.7,60.2,23.1,23.1,5.4,199,98.36,303.5,10.6,2.534468775,0.72,25.4,35.51,4.45,636.22,2.4,6.19,7.59,7.73,7.39,2.89,9.2,15.56,296.75,6.9836,359.9533714,86.2,7.335632183,479.32,0.01035283,4.996735466,5.88,0.58,0.58,0.42,114.6584232,59.15054698,0.72,3.925,1.598,32.03178348,70,68.58935954,90.58085444
E08000022,North Tyneside,64.92547599,15.54,2.918973327,1067.17,14.9,62.27849065,47.18804859,673.4473877,18.39896708,2.9,10.62465,72.84853701,14,64.4,20.1,15.2,4.7,335,68.99,264.9,12.6,3.29588015,0.9,24.1,37.89,5.33,630.74,3.54,7.36,7.72,7.9,7.7,2.76,11.67,14.03,409.66,6.9409,470.8068504,94.4,2.358471374,297.75,0.01052626,1.456416729,5.71,0.6,0.6,0.42,79.17566813,62.04266961,1.165,4.73,2.288,29.20297228,87,72.52453087,94.44299625
E08000023,South Tyneside,71.65582314,15.84,2.895480226,982.55,18.8,60.2690421,54.87273248,647.0241089,20.05347594,3.9,11.50908,72.78708134,14.7,61.8,34.5,21.7,6.5,280,107.74,308.4,8.3,3.136107046,0.95,27.8,40.48,5.94,588.46,3.45,7.59,7.62,7.89,7.36,3.12,12.75,19.55,315.93,7.0342,386.8419567,96.5,6.427574351,381.81,0.007890564,0.665490966,4.86,0.63,0.63,0.44,84.51735268,59.10595082,0.695,5.115,2.268,31.51438857,96,69.64426975,94.79502793
E08000024,Sunderland,69.2305001,17.29,3.821656051,992.9,20.2,60.1098706,54.47814548,664.8808594,28.96039604,4.9,12.63094,71.1461126,19.9,57.1,20.3,19.6,6.1,256,106.35,290.3,11.1,2.775529085,0.86,28.2,40.03,4.82,638.52,3.32,7.55,7.62,7.88,7.48,3.21,12.36,15.48,181.1,7.0966,637.1657349,94,3.369265695,341.3,0.008548599,1.80234088,4.36,0.66,0.66,0.42,93.95603009,57.1827534,0.81,4.865,2.288,33.19518249,61,71.94458397,93.23846581
E08000025,Birmingham,65.06403375,12.09,4.043632321,706.06,16.2,61.00610648,49.41689652,995.0102539,19.16686732,2.7,12.9846,67.69259351,16,59.4,21.2,26.8,7.3,212,66.72,288.1,8.149255477,7.405772087,0.59,19,33.39,3.88,582.83,2.11,8.74,7.69,7.72,7.56,2.72,9.99,16.69,184.15,10.1921,527.2157765,85.9,5.223528835,635.12,0.015369348,7.972846762,6.63,0.53,0.53,0.47,87.79768945,59.40194187,0.63,3.78,1.322,31.90468813,50,63.04606043,84.87316312
E08000026,Coventry,64.80846709,12.55,2.923673997,872.25,15.9,60.5757577,57.55045948,859.281189,21.18030413,3.4,11.84816,67.7455608,18.6,60,20.9,17.6,4.6,200,84.04,274.8,8.632879255,4.972125961,0.59,21.8,32.59,4.3,582.73,2.26,6.72,7.47,7.69,7.34,3,9.9,16,219.88,10.2623,664.067802,85.2,11.4344916,460.01,0.013399377,6.815982115,6.98,0.48,0.48,0.39,70.32730346,62.19548264,0.66,3.53,1.266,30.52900443,53,67.01923093,86.74698068
E08000027,Dudley,64.71176469,17.69,3.777033201,621.76,13,56.55750047,51.88660618,428.95578,19.32457786,2.7,12.30617,66.64175386,9.2,60,26.7,19,5.4,302,95.91,248.4,9.730167584,4.415209948,0.88,21.5,35.79,6.64,628.98,3.44,8.02,7.51,7.67,7.31,2.83,12.8,16.7,189.64,9.6128,622.002359,92.9,4.164050913,369.07,0.01189381,1.559449327,6.12,0.61,0.61,0.4,67.19667151,59.85887857,0.69,4.56,2.068,32.16472646,32,69.13482837,93.71449785
E08000028,Sandwell,70.961881,15.49,3.767622752,641,16.7,59.51185648,50.14159858,805.0446167,26.38015374,2.2,11.23332,66.35308247,9.4,50.6,29.1,25.1,6,462,92.38,309.5,10.55840744,8.234283259,0.65,20.5,36.73,4.09,646.3,2.2,9.49,7.54,7.74,7.3,2.47,9.21,14.96,176.4,10.6441,462.2501402,91.7,2.990893054,421.84,0.016984142,4.276402202,6.35,0.54,0.54,0.45,82.15885001,57.50329405,0.74,4.195,1.698,33.25308905,41,64.39145388,87.9142301
E08000029,Solihull,53.8339578,15.2,3.303303303,787.7,11.4,67.2944126,56.82396538,667.5577393,17.09641256,2.8,11.05673,72.74021352,20.2,67.5,21.1,10.7,4.2,299,88.41,203.8,12.19143038,5.43877701,0.83,20,32.31,4.18,527.25,3.45,7.54,7.8,7.92,7.66,2.57,10.06,15.49,213.53,9.566,1175.345755,89.7,2.738656509,157.44,0.009156214,1.861252902,8.84,0.68,0.68,0.52,68.49410681,64.7867409,0.595,4.09,1.778,24.12866498,37,70.88503759,90.48764814
E08000030,Walsall,67.1807918,15.38,4.162895928,688.16,15.6,63.20856761,46.39549957,723.6598511,30.09166999,1.7,11.93442,68.07902262,15.3,56.9,30,23.1,5.2,396,94.63,286,8.185830911,7.13593516,0.76,22.3,35.77,5,631.98,2.56,9.15,7.53,7.77,7.3,3.14,11.73,12.96,182.19,10.2039,716.5068641,90.5,9.744791191,467.57,0.009996961,3.881740996,6.23,0.59,0.59,0.52,77.21841498,56.04413575,0.965,4.43,1.918,32.49940118,33,68.0486589,91.07263144
E08000031,Wolverhampton,66.20427219,14.44,3.348653972,875.6,16.7,52.07521025,45.0299647,956.2314453,27.69818529,2.8,11.30117,68.72770511,10,57.3,24.8,23.2,6.9,245,107.84,306.1,9.048837211,5.996711481,0.77,21,34.22,3.99,622.96,2.54,8.45,7.4,7.49,7.34,2.42,10.65,16.8,224.69,9.3993,697.9573284,89.2,2.290006412,575.24,0.012067353,7.251686971,6.01,0.58,0.58,0.45,86.27980825,58.3476516,0.85,3.89,1.624,35.2414668,68,64.48942995,89.32225187
E08000032,Bradford,61.47832406,13.47,4.159783751,805.34,18.5,61.87256244,47.37248957,523.1987915,18.42326756,3.6,13.56469,66.81398674,9.3,56.2,24.4,30.4,5.1,256,69.63,285.3,8.8,5.742339894,0.76,20.4,34.54,3.44,538.71,2.46,8.89,7.67,7.87,7.5,2.99,11.56,16.24,266.19,8.4106,750.5810593,87.3,4.43991042,527.98,0.005039728,4.467834385,4.74,0.55,0.55,0.42,119.0994335,60.04928394,0.8,4.435,1.632,30.80289709,63,66.95337616,91.39134559
E08000033,Calderdale,69.89753388,14.11,3.136882129,682.13,15.5,68.43698609,52.70937094,680.4469604,16.68104688,2.7,9.94956,69.96996997,18,68.1,22.5,20.3,4.1,253,64.33,262.2,12.5,4.749266657,0.77,21.7,34.45,3.83,546.45,3.17,6.74,7.59,7.84,7.53,2.98,14.19,14.61,175.84,7.8306,807.4654747,85.1,5.295536441,296.17,0.002912998,2.380023039,4.57,0.76,0.76,0.44,103.0597576,62.8106587,0.73,4.63,1.886,30.37080709,55,71.76122039,91.33563578
E08000034,Kirklees,61.31840909,13.85,3.400755723,632.93,15.1,57.1210544,52.32769535,693.4827881,14.73080433,2.7,10.93555,69.37187326,17.2,63.2,28.3,22.8,4.9,271,67.52,257.5,10.3,5.262820101,0.73,26.7,34.12,3.89,460.78,2.73,7.62,7.57,7.8,7.55,2.79,12,12.59,164.48,8.057,920.3121653,88.2,8.570249836,356.76,0.004651674,2.963118295,5.18,0.69,0.69,0.43,87.93623369,60.5,0.74,4.46,1.732,27.98406535,36,70.35219717,92.39274327
E08000035,Leeds,61.6734794,12.64,3.621730382,648.97,18.2,68.15891131,54.42183022,819.31427,23.80125087,2.2,11.54655,65.69372251,16.4,61.8,21.6,19.8,3.9,204,76.44,269,10.9,3.9503386,0.72,19.1,31.37,3.1,558.87,2.61,6.28,7.76,7.93,7.45,2.94,10.14,13.72,226.95,8.9153,816.3995288,85.3,6.88706947,331.29,0.008469492,4.181481359,6.3,0.65,0.65,0.39,114.953991,63.16794565,0.665,3.94,1.552,28.30952538,42,70.17181047,90.78060061
E08000036,Wakefield,68.86269413,15.58,2.473596442,882.06,19.3,60.71321219,53.25997357,451.3220215,20.50113895,3.9,15.14427,68.99004267,21.6,61.5,26.4,17.1,4.9,430,78.45,270.1,10.9,3.562551781,0.74,24,36.73,5.2,452.83,3.08,7.67,7.51,7.78,7.4,2.93,11.83,14.13,210.67,8.2056,721.4147896,90.5,7.147038877,302.46,0.006024289,2.608408349,5.65,0.81,0.81,0.44,102.4061118,58.0406335,0.645,4.855,1.966,29.7080432,65,70.54848673,94.07886997
E08000037,Gateshead,68.3350924,16.25,3.181568843,1045.06,17.8,64.49709998,50.82830854,634.4494629,16.92708333,4.9,10.93611,70.06369427,15.5,64.3,29.8,17.2,4.7,268,98.79,303,8.7,3.937007874,0.98,24.1,36.85,5.91,607.77,3.31,7.18,7.6,7.74,7.45,3.09,12.08,14.99,296.21,6.9041,480.8541921,91.4,5.110909199,309.69,0.008188223,4.93807652,4.96,0.68,0.68,0.44,83.99174354,59.22711448,1.205,4.955,2.084,29.64979808,74,71.86620749,90.13044988
E09000002,Barking and Dagenham,64.42348744,11.62,3.201449713,502.68,22.4,55.82845893,43.88968863,975.5528564,20.2651989,3,10.70835,71.29909366,12.5,60,26,21.2,5.9,337,64.88,272.9,5.14272149,3.465303647,0.38,16.9,28.94,2.39,693.66,1.67,8.65,7.52,7.88,7.67,2.82,7.29,13.94,77.46,13.0378,329.8787663,84.5,23.75585118,1180.28,0.013726848,4.245323069,12.16,0.45,0.45,0.42,76.33562581,61.31149067,0.605,3.15,0.892,35.07238268,28,62.22385246,81.79625575
E09000003,Barnet,56.38125686,11.5,2.790796762,496.98,10.9,66.49410433,58.11433326,1084.570801,8.206875194,1.2,8.30332,74.00181488,17.9,76,36.2,10.8,4.7,197,36.61,155.2,6.878131294,2.243302141,0.71,19.2,27.73,3.37,459.69,2.59,6.59,7.55,7.68,7.44,3.19,7.25,13.37,98.78,11.7292,391.1769653,80,5.118070077,786.43,0.014570104,6.120263171,15.37,0.53,0.53,0.38,66.97352986,64.25402101,0.825,2.69,1.2,26.57584648,19,63.16835589,80.63807809
E09000004,Bexley,63.78716842,13.49,2.643969576,566.53,12.2,72.35392465,55.78440001,707.1957397,13.89215917,1.8,10.0938,77.07270408,19.9,69.1,35.1,12.6,4,336,42.4,205.1,8.151408544,3.255208333,0.78,17.9,29.61,2.84,571.61,2.68,6.95,7.54,7.83,7.55,3.21,7.21,13.64,88.15,11.8266,574.1569605,88.5,4.475211139,637.13,0.0126182,2.022179262,11.86,0.54,0.54,0.37,57.19531825,64.98330084,0.55,3.26,1.39,29.98190555,25,71.15507517,87.68813545
E09000005,Brent,56.37700126,12.21,3.880317906,646.1,17.1,59.80597389,55.47834732,1936.258301,11.93361924,1.4,10.2412,69.78972585,10.8,69.5,37.1,14.8,5.3,248,41,206.1,7.320712717,3.65230095,0.51,15.1,28.57,2.53,363.21,1.74,8.82,7.71,7.84,7.84,2.4,6.38,12.89,55.2,12.1293,430.5139261,81.8,5.385793563,1415.89,0.015176595,9.069060899,17.53,0.43,0.43,0.4,80.11003794,66.40059191,0.55,2.615,1.002,35.92310576,25,61.12589736,81.36729522
E09000006,Bromley,53.50237959,13.32,1.88628402,502.1,13.9,65.67637915,56.67834449,708.3452759,13.6652939,1.6,9.25917,77.16262976,25.1,70,34,9.6,4.2,263,41.87,174.4,6.429533145,2.466385552,0.89,20.8,26.4,3.37,540.88,2.98,5.72,7.57,7.65,7.47,2.88,9.76,14.48,81.62,10.9553,488.6958734,85.4,8.637978109,802.16,0.006144561,1.81216324,11.66,0.64,0.64,0.44,62.55285476,66.31892805,0.665,3.305,1.466,23.96707366,27,70.96888751,89.61721615
E09000007,Camden,46.4680637,9.62,3.510273973,544.12,10.9,71.65152164,53.77192054,1937.703735,11.76778243,2.5,12.01019,71.36803874,18,66,12.9,11.9,4.5,210,40.47,196.6,10.40035514,2.799694579,0.52,18.1,28.32,2.02,410.38,2.01,4.09,7.48,7.63,7.38,3.3,8.59,15.26,71.12,12.5071,338.6863336,61,14.59976416,3060.63,0.013660318,53.77041178,18.75,0.27,0.27,0.26,125.1782813,65.23354282,0.455,2.6,0.888,28.63508632,19,57.0085599,77.6554048
E09000008,Croydon,62.71085954,12.4,3.515151515,493.74,11.4,66.3195652,49.69539542,1446.921143,19.06158358,2.2,10.86367,73.75,17.1,63.1,28.5,14.3,5,193,82.62,212.2,9.394896099,3.922716628,0.6,18.9,28.45,2.92,486.46,2.33,7.14,7.69,7.81,7.78,2.93,7.57,14.99,97.58,11.6597,472.9632886,83.3,9.537874197,986.17,0.010445709,3.892605606,11.47,0.53,0.53,0.37,69.85410514,62.17169894,0.56,3.05,1.11,29.90448416,23,66.71824434,79.62638025
E09000009,Ealing,61.93960324,12.47,3.306169965,761.26,9.2,65.47696958,57.99625014,1422.410156,10.57158215,1.2,9.18004,72.00820606,14.7,69.2,30.2,14.4,5.5,373,41.89,218.3,8.87479796,2.119486025,0.42,14.7,27.85,2.63,485.92,1.79,8.59,7.53,7.97,7.61,3.4,5.85,13.9,105.3,12.1337,363.9655234,82.8,2.696481358,1076.87,0.015782189,9.649630682,15.57,0.45,0.45,0.4,74.95131323,63.55174571,0.5,3.035,1.094,29.73594008,20,62.73326559,81.93065501
E09000010,Enfield,56.7415701,13.22,3.168930188,567.1,13.7,62.99258846,58.70383059,1240.453247,19.10720325,1.3,11.96842,69.28796755,20.8,61.3,40.9,14.3,5.3,319,39.54,196.8,6.186543537,2.975778547,0.62,21.3,30.4,2.87,416.12,2.51,8.14,7.37,7.68,7.35,2.96,8.47,13.17,72.16,12.1101,440.0419431,84.1,9.024497632,711.4,0.015494703,23.36245653,13.36,0.56,0.56,0.37,76.60489593,63.84893536,0.635,2.945,1.16,33.0167345,14,66.95868972,79.13729743
E09000011,Greenwich,58.68491513,12.15,2.763429752,565.71,18.1,66.00212617,51.45499233,1590.081665,18.17752597,2,10.97116,77.66442953,23.9,58,26.4,16.4,5.4,348,72.08,243.6,7.75430377,5.036836566,0.42,21.4,28.81,2.44,522.15,1.81,6.75,7.54,7.81,7.36,2.98,6.83,15.33,67.77,12.3659,383.2464833,80.1,9.083014326,914.68,0.016491411,2.445961717,12.98,0.44,0.44,0.4,81.59728289,61.84524924,0.44,3.09,1.002,33.02880727,29,64.894256,86.20821678
E09000012,Hackney,49.20660481,8.99,3.105288695,539.13,14.8,69.94540303,53.2635497,3145.884033,16.31433824,2.2,9.71095,70.11340894,14.7,67.3,22.3,16.4,6,213,60.81,256.6,9.626307773,3.971227334,0.31,18.8,28.05,1.98,418.05,1.57,5.92,7.5,7.68,7.38,3.04,10.21,16.89,73.82,12.8978,266.2548835,68.6,20.43362408,2584.35,0.017347248,8.224125293,16.34,0.34,0.34,0.37,101.6895214,60.30642519,0.355,2.755,0.816,32.40366182,22,61.84438655,71.46568098
E09000013,Hammersmith and Fulham,48.98081738,7.87,3.278688525,666.7,12.1,68.24926852,57.5888673,2503.260254,14.92537313,1.1,11.98837,74.45972495,17.1,70.5,12.4,10.7,5.5,393,64.02,239.2,11.74213627,3.187803188,0.33,14.7,23.47,1.46,434.32,1.68,3.89,7.72,7.83,7.6,3.45,6.53,14.75,60.68,12.6614,309.1817931,81,81.07816595,1940.87,0.02218338,6.471584352,18.03,0.34,0.34,0.32,105.7402953,63.14576812,0.465,2.52,0.768,29.92059305,20,56.97803183,78.37740566
E09000014,Haringey,52.72075853,10.51,2.951490357,617.47,17.7,67.43105793,59.71482659,2169.221191,15.18929948,1.5,10.58211,75.59602649,13.8,61.8,28.2,15,5.3,363,70.76,210.5,7.997738372,2.808271636,0.43,14.5,29.43,2.02,351.12,2.03,6.44,7.35,7.72,7.26,3.07,7.79,15.2,70.91,12.5419,318.6840307,84.1,29.47819128,2140.14,0.013513423,11.82452406,17.14,0.4,0.4,0.38,103.0618127,65.79460137,0.555,2.675,0.878,29.98178003,15,62.98772898,77.87219646
E09000015,Harrow,52.88865481,13.52,3.509307293,615.12,10.8,59.80367946,54.10665038,833.6483765,6.105006105,1.2,8.28803,74.17666974,10.5,68.9,38.9,12.9,3.6,194,27.5,153,6.385933875,5.145639989,0.68,15.6,25.75,2.98,457.35,2.43,9.92,7.65,7.72,7.61,2.34,6.65,12.5,80.25,11.2865,663.2959434,85.2,2.654889251,750.17,0.010936189,5.196902646,15.49,0.5,0.5,0.39,55.34701318,68.1501637,0.735,3.12,1.34,26.55032485,20,63.99300585,83.66890363
E09000016,Havering,71.17895852,13.88,3.559547572,455.75,15,65.78659095,44.70255044,697.0615234,16.68653159,2.1,11.2228,71.45443573,15.2,67.7,32.7,13.4,4.7,242,44.11,218.6,7.809508716,2.37037037,0.86,17.8,30.01,2.97,567.15,3.16,7.19,7.68,7.91,7.4,3.03,9.17,9.28,74.68,11.4503,477.7758032,89.7,3.576277103,502.83,0.010178242,0.775765098,12.23,0.62,0.62,0.5,64.76474923,65.08314805,0.695,3.32,1.472,30.82338988,25,70.8820677,87.58653473
E09000017,Hillingdon,62.43073772,12.48,3.171905976,645.49,17.1,60.55218709,56.97800033,884.0136108,14.76537217,2.7,11.24483,73.61587457,26,66.7,29,13.3,4.4,350,39.86,210.9,9.73945221,2.540220152,0.63,16.7,27.57,2.45,533.14,2.04,7.66,7.76,7.79,7.67,3.07,8.26,14.09,76.42,11.3836,603.7063805,87.7,5.321542856,453.43,0.013857569,22.96407107,13.8,0.55,0.55,0.4,73.40957405,63.46195969,0.61,3.175,1.2,29.14201971,20,65.90489276,84.30269432
E09000018,Hounslow,60.44472394,11.69,3.335186215,706.87,13.9,62.9971629,47.4894058,937.7683105,11.77047572,1.7,9.58445,71.69179229,14.9,68.7,27.3,15.1,4.9,270,38.79,220.4,10.41370866,4.091784339,0.47,18.3,27.42,2.32,473.18,1.81,8.29,7.85,7.99,7.73,3.14,6.41,17.11,113.02,11.9127,421.9224901,81.4,16.1338323,731.64,0.019167061,6.647413787,13.5,0.49,0.49,0.38,82.29498268,62.60710535,0.45,2.77,1.046,29.33040689,32,62.41273157,82.74661207
E09000019,Islington,49.09881384,8.99,2.948021722,692.2,15.6,75.86617376,55.48816447,2371.897705,12.94820717,1.7,12.43498,71.0604559,17,64,13.3,14,5.1,178,81.85,261.3,10.10811341,2.763703363,0.46,12,28.01,1.69,550.22,1.87,4.99,7.51,7.59,7.3,3.23,9.77,18.71,93.31,12.9434,239.1040523,70.7,37.35581228,2806.71,0.018442202,17.98094856,15.32,0.31,0.31,0.27,106.8737403,62.15246506,0.4,3.24,0.842,29.89559222,18,60.5737001,79.57848705
E09000020,Kensington and Chelsea,49.96992875,9.01,1.962110961,476.14,14.9,72.78925881,56.31755756,2284.875977,5.178663905,3.2,10.77238,70.11278195,15.3,73.7,21.2,6.4,6,264,30.55,167.2,9.746384173,3.356367226,0.5,19,27.83,1.52,427.2,2.28,4.39,7.23,7.46,7.38,3.69,8.57,12.12,63.86,12.9743,355.7382178,81.7,55.88619018,1922.84,0.029298033,12.80434323,29.28,0.28,0.28,0.26,124.2085315,65.19425469,0.315,2.32,0.954,28.63343185,24,51.83114934,73.70718312
E09000021,Kingston upon Thames,51.01126395,10.31,1.666666667,498.72,11.2,67.10764666,60.86790122,1003.230713,7.903650734,1.4,8.0579,76.84952189,14.4,79.2,27.4,8.3,4.9,190,32.89,174.5,9.970746801,5.61272217,0.53,15.3,27.5,2.35,524.2,2.38,5.16,7.78,7.95,7.59,2.81,8.13,11.24,113.96,11.5436,699.9944573,86.5,7.857701677,506.68,0.017479401,13.10765373,13.6,0.47,0.47,0.37,63.45814099,67.44486579,0.57,2.865,1.056,20.14614522,22,66.35307748,85.04785359
E09000022,Lambeth,53.15198789,9.64,3.026967529,603.22,12.4,72.36292076,53.58567565,3808.657227,21.62790698,2.2,10.92727,72.20843672,22.2,59.6,21.4,14.9,6.3,255,65.46,264,7.180064507,4.761520458,0.4,15.9,24.47,2.07,462.29,1.7,5.74,7.22,7.6,7.26,3.67,8.39,17.56,90.02,12.7253,309.5964604,75.1,24.5016288,2422.34,0.019817283,15.34132923,14.72,0.35,0.35,0.34,92.54196621,61.84424317,0.39,2.76,0.736,31.68295588,39,61.95140554,81.03698806
E09000023,Lewisham,55.60403288,11.31,2.552986513,546.57,16.7,71.62517108,54.73929399,1976.517578,21.16522531,1.9,9.86088,77.90262172,21.5,60.6,22.8,15.5,4.8,322,70.6,252.9,7.945359684,2.862049227,0.48,16.5,26.92,1.84,510.99,1.89,6.36,7.49,7.81,7.55,3.37,8.82,16.02,113.7,12.3577,303.4404928,81.8,15.28520797,1430.15,0.016630795,1.647251067,13.18,0.42,0.42,0.42,76.14912234,62.67592081,0.44,3.32,0.916,27.71797652,30,64.44327377,84.91064087
E09000024,Merton,58.41069704,10.53,2.624955052,559.3,10.9,68.32996303,56.92353607,1265.112305,11.82197497,1.6,8.57609,73.52703793,22.7,68.2,35.4,13.1,4.3,274,32.76,193.8,9.705130866,3.073336159,0.58,13.9,27.94,2.5,544.89,2.15,6.27,7.84,8.03,7.57,3.13,7.96,15.85,92.86,12.2926,389.4062765,88,9.99811815,1146.54,0.011544248,11.15497657,14.27,0.47,0.47,0.36,59.69367464,63.6294923,0.48,2.79,1.002,27.21521154,17,64.87764509,83.25801358
E09000025,Newham,62.970718,10.44,3.74501992,545.16,18.2,53.11763328,41.97956505,1363.165894,13.21291186,1.8,10.08016,75.79814624,11.6,65.4,34.1,20.8,5.6,370,46.99,234.2,7.198246009,3.282213797,0.27,14.8,28.2,3.2,350.4,1.07,8.67,7.54,7.73,7.54,3.16,5.72,11.84,72.75,13.4912,337.6552468,82.1,17.85718569,1281.28,0.018432851,22.44286303,15.67,0.38,0.38,0.33,88.91919149,59.81017599,0.345,2.69,0.766,33.01274836,24,60.95961608,80.09106841
E09000026,Redbridge,56.36457027,11.65,3.535108959,425.14,13.2,60.25052025,52.64971853,774.8200684,9.904690712,1.7,9.93639,75,10.1,74.4,49.2,15.8,5,295,29.38,182.7,7.063945166,2.851439977,0.56,17.7,28.32,2.53,456.41,1.94,8.93,7.54,7.75,7.45,3.05,5.9,10.68,51.61,12.6684,434.034085,87.8,14.26573857,871.16,0.015340754,8.556628425,13.09,0.5,0.5,0.43,69.65095538,64.72070967,0.52,2.775,1.052,30.82092361,20,63.523818,81.07015329
E09000027,Richmond upon Thames,47.6682021,9.75,2.053486151,525.12,5.9,77.17369575,65.93070888,934.2702026,10.17811705,1.3,7.86101,80.50096339,19.8,71.7,22.7,5.2,3.8,199,23.27,163.7,8.732876133,1.507882111,0.64,12.7,25.34,2.2,488.67,2.67,4,7.7,7.76,7.48,3.34,7.08,11.86,132.21,11.5854,381.9099607,87.9,6.732618713,813.4,0.009508527,7.110063787,14.85,0.44,0.44,0.34,59.14049486,70.76918498,0.58,2.815,1.062,18.84375398,26,67.95202863,85.67470155
E09000028,Southwark,50.51794923,10.43,3.344481605,565.38,14.5,73.82179438,50.4997307,3089.391357,22.46919546,1.6,9.89114,75.17626322,24.9,68.2,14.2,15.7,5.9,97,76.26,245.6,6.773078014,2.908534252,0.31,16.7,26.74,2.03,502.95,1.79,6.24,7.34,7.5,7.28,3.61,8.41,16.06,122.35,12.6851,235.9077442,66.3,32.64556068,2253.9,0.017709,14.81453463,15.31,0.39,0.39,0.31,101.7727009,64.50238293,0.395,2.81,0.756,32.62527277,36,62.06929168,83.83613695
E09000029,Sutton,60.07021147,12.8,2.248677249,579.04,14.1,57.45237698,48.62973913,776.828125,14.12259615,1.2,9.75021,72.70550678,17.9,79.6,44.7,10.8,4.7,787,45.29,194.7,7.662559108,4.455760662,0.77,9.8,27.65,3.6,610.18,2.89,6.81,7.88,8.04,7.79,2.64,9.95,12.94,157.53,11.4547,432.9086998,87.7,5.834277676,859.44,0.010800358,2.444688913,11.44,0.54,0.54,0.37,54.03740374,65.40486102,0.83,3.69,1.308,25.56095463,34,70.0313541,88.38925415
E09000030,Tower Hamlets,49.10718651,7.37,4.400301735,492.56,20.3,67.18760892,51.38178609,2431.991455,11.44067797,2.7,9.39685,69.3877551,11.6,63.8,11.6,21.4,5.6,122,41.81,258.1,9.808344719,4.271930471,0.29,16.7,27.38,2.69,568.66,1.3,6.67,7.82,7.78,7.73,2.77,7.73,16.58,64.88,12.8954,209.1384991,60.3,12.94597189,1817.13,0.031484302,3.147574007,14.5,0.35,0.35,0.26,92.05080184,58.63588581,0.325,2.765,0.69,31.43195843,38,59.42889412,86.13994774
E09000031,Waltham Forest,54.4892022,11.03,2.784562775,485.35,11.7,63.01436568,52.68435953,1499.464111,13.17882299,1.7,12.66623,75.41339116,18.8,63,39.8,19,4,288,44.01,222.5,8.919991118,3.104244874,0.45,18.5,27.94,3.58,486.36,1.79,6.92,7.46,7.81,7.51,2.98,7.38,15.97,53.1,13.0601,429.1538996,86,25.43278265,1170.43,0.015675299,7.950849295,15.18,0.42,0.42,0.37,75.19696422,63.9904532,0.43,2.88,0.912,31.42784535,24,65.55661842,80.48207011
E09000032,Wandsworth,55.22340545,8.06,2.602579132,548.64,12.2,72.2859275,59.3422778,2178.578125,11.29943503,1.5,10.10449,76.34238787,18.9,71.4,22.6,9.1,3.9,256,48.72,213.5,9.627761658,2.381285894,0.44,10.3,21.23,1.41,430.67,1.81,4.34,7.65,7.71,7.5,3.15,7.29,16.84,84.93,12.37,372.0302431,72.9,11.05142912,1778.73,0.016112772,7.657577633,14.88,0.41,0.41,0.33,70.28737357,67.2866847,0.455,2.475,0.728,25.55365568,27,63.34849955,83.49057445
E09000033,Westminster,47.97586112,7.83,2.700348432,487.01,11.5,68.83359083,58.24510269,2587.010986,6.768687463,1.1,10.63982,71.84191955,21.6,73.6,12.5,8,4.9,172,45.17,165.5,5.943085188,3.008502289,0.47,19.4,27.53,1.36,380.12,1.86,4.28,7.66,7.75,7.38,3.36,5.91,15.81,65.11,12.9499,298.2598931,63,64.50367762,2679.51,0.026209477,119.8477229,22,0.2,0.2,0.21,245.2609234,64.18856042,0.385,2.14,0.868,29.42115305,30,53.54555729,75.38238001
E10000003,Cambridgeshire,58.93256334,12.68894344,3.03519535,690.41,13.6600692,68.57366798,59.68753337,550.3585205,11.42519452,2.7,9.63083,71.17767189,20.3,66.1,17.7,9.892152661,2.906078909,266,52.48,185.4819241,8.755491237,3.533400181,0.675710884,19.2,27.9643674,2.676892541,545.06,2.991830348,5.750931617,7.8,7.95,7.65,2.83,9.597987325,13.69,243.52,10.062,2317.54272,90.45659191,5.116564299,261.12,0.001688376,8.749282405,9.01,1.200626464,1.200626464,0.577558551,58.06760586,65.49999263,0.819006977,3.993918884,1.520617069,22.9575656,40,70.38537837,90.71148487
E10000006,Cumbria,62.61739735,16.36547021,2.651708312,658.14,13.70816736,67.19073614,58.07411503,603.1246948,15.64986737,2.2,11.03785,70.01386413,22.4,65,24.5,15.42499519,2.865595083,295,71.8,238.7519549,12.4,3.731343284,1.036683696,23.8,34.76512227,5.351259759,576.35,3.975599699,7.494165946,7.84,7.93,7.54,2.59,12.98769033,14.89,225.74,5.9612,1327.337472,90.61088548,4.538131436,313.96,0.000585564,2.004457914,5.47,1.773213306,1.773213306,0.5496134,62.80768429,64.81789139,0.85780508,4.706892446,2.421561472,30.63765365,50,74.47628317,93.95350847
E10000007,Derbyshire,65.27091028,16.54348236,2.380595898,755.41,13.86324337,67.25802335,57.38494925,551.3812866,15.77002053,2.9,10.25546,70.83283403,20.9,64,28.7,11.6632715,4.067129733,288,46.96,220.9878752,8.4,3.596648976,0.96590232,23.6,34.24036281,5.860628851,578.26,3.506966513,7.606581538,7.87,8.04,7.69,2.7,12.51034143,15.15,260.42,7.8029,1219.049635,92.86755871,4.466567047,222.81,0.002104134,5.14983508,6.14,1.075590523,1.075590523,0.483540298,43.95698255,61.62861562,0.761284728,4.64703166,2.160388695,28.44267974,53,74.7082166,93.41475756
E10000008,Devon,60.12264515,15.96955248,2.577734816,546.76,13.32552654,72.75691872,62.28801168,555.1372681,13.76906318,3.1,10.26217,71.71899125,23.1,63.9,26.5,12.2022988,2.384947805,289,47.95,196.067777,11.2174591,3.346915017,0.995291,21.3,33.53451927,5.006908072,579.82,3.874053807,6.887300542,7.82,7.99,7.82,2.74,10.62484876,16.96,210.4,6.4622,1585.117255,88.91761991,4.158662437,267.35,0.000880374,6.915751063,9.54,2.098271075,2.098271075,0.657103797,5.635708412,66.70239461,0.913887722,4.549553536,2.197978119,24.45704583,31,73.93568528,90.96059219
E10000011,East Sussex,61.78356299,17.04442754,2.660054103,,13.72601075,67.42964629,61.3204835,647.963501,15.59431674,3.8,12.47819,76.47058824,14.6,61.8,27.8,15.6094596,3.729858995,267,56.86,214.9271408,13.660393,3.311916275,1.170596394,20,34.06473701,5.614448544,,4.070153461,6.914066662,7.65,7.81,7.58,2.83,13.61290678,13.9,,9.6703,1310.020551,88.29948386,5.150021081,440.89,0.001672683,13.34319047,10.1,1.0313301,1.0313301,0.544416217,53.02656016,64.22787356,0.835579924,4.386380923,2.216276677,26.45340775,19,70.38793947,89.24097687
E10000012,Essex,62.53737733,15.16791117,2.276731264,618.35,14.02387655,66.0715145,55.81125627,576.678772,14.10551436,2.5,10.42928,73.76760563,15.5,63.3,23.5,11.23021301,3.505461562,255,33.02,205.5540719,11.66154849,2.963263649,0.858174175,19.2,30.90503942,4.498693239,585.05,3.186941577,6.704762162,7.71,7.86,7.58,2.79,9.89968824,13.33,166.54,10.2802,1053.317809,89.26397216,4.829305933,259.09,0.002873282,4.736886269,10.28,1.039440959,1.039440959,0.533643146,69.89275689,64.76465065,0.676221334,4.040058085,1.685567861,26.6425703,38,70.65659803,90.70836315
E10000013,Gloucestershire,61.35570571,14.10308206,1.915966387,673.77,12.20741353,70.68016328,61.39643116,609.6781616,10.80607477,2.4,10.88317,69.16010499,17,68.9,19.7,10.32967179,2.773891262,222,51.73,206.3873926,10.39048484,3.346007605,0.94871902,18.3,30.2709848,6.410580878,534.43,3.398918624,6.842056123,7.89,7.97,7.6,2.87,10.19622768,15.37,212.09,9.1656,1373.697339,90.48218778,3.508466452,179.54,0.001633294,2.998936167,8.46,1.232783991,1.232783991,0.555433567,50.38054922,67.6415591,0.857080032,4.293150927,1.853570041,27.92983551,38,73.55752758,90.82774059
E10000014,Hampshire,63.13530653,15.29344676,2.166035913,521.36,12.25352819,70.04604028,58.02576747,704.5866699,12.42292347,1.8,9.68084,76.74584169,22.1,66.4,20.7,10.07255761,2.961997535,216,56.26,180.1968883,7.98054328,4.062695322,0.934963891,19.4,30.03419221,4.05507296,517.31,3.792092238,6.51510671,7.99,8.1,7.71,2.69,12.14286167,14.25,244.81,10.0351,1080.678266,90.6502473,3.947072936,256.62,0.002769857,5.231356752,10.28,0.963079787,0.963079787,0.574080909,5.159755859,67.06610604,1.064614904,4.143420138,1.852239865,26.53192309,37,73.59351686,92.5236596
E10000015,Hertfordshire,60.43245832,13.06709421,2.722235606,628.29,12.1013793,67.11571243,56.53300949,658.2074585,10.37750038,2.5,10.32705,72.74053491,16.9,73.1,19.3,8.543365854,3.379870901,221,33.05,190.3788161,7.885712878,3.125801861,0.776277792,17.3,28.17204301,3.179991283,555.7,2.982313711,6.015488591,7.66,7.91,7.66,2.62,9.992005833,14.01,116.69,10.4397,979.944188,84.73171505,4.555411098,253.1,0.004936789,7.43014189,11.88,0.758151583,0.758151583,0.476052121,62.28907474,65.74276899,0.689399105,3.619934016,1.473318248,23.96399357,29,71.15529,88.657308
E10000016,Kent,62.79356111,14.80088521,2.373131327,534.76,15.04760736,68.20361887,57.06172328,537.9428711,17.20165873,2.9,11.87514,75.14074401,20,63.3,23.5,14.78138922,3.863110065,240,48.95,212.7541159,10.022801,3.968942065,0.808523198,20.9,32.62799397,4.6889252,573.2,3.368331101,6.764690258,7.74,7.92,7.59,2.98,11.3076092,12.9,177.49,10.4405,978.1692866,90.04904841,5.010841862,387.81,0.002772127,13.64253871,10.27,0.938904402,0.938904402,0.514235925,7.43428047,64.3599988,0.833720297,3.873351988,1.693903145,26.95741728,31,71.89164892,89.71514014
E10000017,Lancashire,64.62763612,15.18012771,2.902088419,664.32,14.23961041,66.4633894,52.12186244,682.6047363,23.09775394,2.2,10.34463,69.5047538,15.4,65.8,26,18.51040376,3.913040007,291,79.24,263.5268212,11.8,4.688564095,0.924995947,21.8,35.14180025,5.047016509,543.96,3.379034428,7.108187798,7.79,7.95,7.67,2.69,13.06342529,12.87,202.21,7.3791,900.9022586,91.26366355,4.66591911,348.99,0.0026411,4.132050414,5.35,0.774093424,0.774093424,0.477045402,84.20953462,62.52647099,0.733533,4.705530423,2.070119205,27.82810154,56,70.59806477,89.05814872
E10000018,Leicestershire,60.64299548,15.15959527,2.503610977,587.76,13.0923674,64.3272464,56.42808938,484.4421692,12.19512195,2.3,10.07894,70.7853671,22,66.9,25.1,9.914609577,3.808148877,352,40.1,194.343013,8.3,3.534075171,0.914062749,20,32.24440411,4.143077391,718.56,3.164386458,6.905067527,7.82,8.13,7.63,2.88,12.4864401,13.18,113.28,9.1337,1432.159061,91.69127343,3.595915919,169.74,0.002463649,1.718537868,8.24,1.032559776,1.032559776,0.53329047,56.09450813,63.8505306,0.756985774,4.062589618,1.786905048,28.49383962,30,74.98873582,94.72320658
E10000019,Lincolnshire,65.20372835,16.77665942,1.798390913,609.45,17.66324836,63.82959021,54.64672982,472.4968262,16.61830652,2.8,11.45943,69.08813818,23.3,63.2,31.7,13.85793224,4.391865267,367,45.21,236.305354,10.4,3.001773775,0.974656833,23.7,35.39275264,6.993970576,577.31,3.790375656,7.819662081,7.8,7.95,7.54,2.86,11.74210146,15.67,143.8,9.2024,2078.481121,93.02905352,3.99159225,427.58,0.000741327,10.31973994,7.16,1.569435299,1.569435299,0.744618203,60.65360999,62.64686776,1.06197597,4.466197794,2.268270898,29.50723003,33,72.4875404,89.70052261
E10000020,Norfolk,61.15379137,16.00326876,2.518172378,676.81,14.4020183,64.96135811,57.87194554,610.9154053,17.10718964,3.9,11.96849,71.55061939,12,62,27.6,14.26902399,3.657473774,266,69.34,215.0349055,11.39296471,3.019531399,1.012491953,21.5,34.1147719,4.331582035,573.62,3.638771657,7.38911677,7.8,7.85,7.53,2.65,10.20105714,15.58,164.06,9.6932,1728.562544,90.96184436,4.242554633,311.04,0.001064907,6.086225212,8.64,1.892453457,1.892453457,0.724105889,55.81511154,62.84565167,0.708616791,4.662589387,2.041284354,27.82407909,35,72.48639274,92.17512826
E10000021,Northamptonshire,67.8801817,14.39858712,2.288072018,750.22,15.35036971,64.02556908,51.66592165,638.9783325,17.7026594,2.5,10.67617,71.26219704,21.6,62.2,24.4,11.3328749,4.238184805,323,64.9,236.7303213,10,4.231892742,0.733990848,19.8,31.84351315,3.98193893,580.95,3.012143035,6.810245027,7.67,7.84,7.52,2.64,13.03704686,12.71,325.29,9.8285,1256.697068,91.09713157,5.619123032,176.79,0.00249086,12.30568389,8.63,1.19952694,1.19952694,0.535010487,10.47683761,66.0528818,0.795851671,4.046599087,1.653860022,26.53221557,56,71.16822241,91.48686137
E10000023,North Yorkshire,61.30150121,16.4617218,2.503561978,678.9,12.08650898,69.52526913,59.63789292,448.9855652,12.79496592,1,10.81509,72.4746214,21.9,68,26.7,12.15136785,3.049076899,297,37.16,199.3205896,11.4,1.94351655,1.024417884,21.1,31.1286237,5.226782122,505.4,4.026301582,6.686867504,7.93,7.98,7.68,2.66,10.5022159,12.79,194.13,7.2267,1847.12585,90.49892935,5.539530993,218.8,0.000703948,3.742849936,7.58,2.420213521,2.420213521,0.652589434,6.575094705,67.07013889,0.960531346,4.553135514,2.354138705,26.95072256,48,74.59163768,92.14991659
E10000024,Nottinghamshire,67.51122779,15.07255857,2.600506044,702.12,15.22948577,68.51558506,56.43075378,595.2369385,16.19594702,1.6,9.45032,69.70242508,15.8,66.2,28.6,11.72464689,4.570592959,345,48.16,227.691908,7.6,3.875968992,1.007085347,25.1,34.5410628,5.52745779,622.3,3.437959156,7.295167124,7.75,8.02,7.56,2.96,10.51910753,9.48,195.14,8.7486,1518.808683,93.19076333,3.701059294,314.98,0.002348325,5.952916078,6.05,0.914318671,0.914318671,0.495619832,9.498111902,61.03611112,0.70954866,4.291268758,1.972462352,27.82109194,41,75.3599329,92.52317089
E10000025,Oxfordshire,58.88899282,12.48842035,2.230757867,497.49,10.10632458,72.51135583,59.5009031,683.1064453,10.10008264,1.7,10.64943,73.455258,16.8,66.5,14.7,9.617357649,2.946148934,208,47.75,179.6870537,8.595798066,2.536264127,0.774843972,14.3,27.19520627,3.238443415,545.13,3.424267769,5.053997081,7.8,7.9,7.64,2.96,11.02910206,15.14,183.16,10.1547,1247.110908,88.23758968,4.825642498,229.16,0.001926463,10.18146276,11.44,1.21812984,1.21812984,0.50672922,55.43079223,70.00535574,1.026245244,3.600873966,1.46522929,24.70633639,33,70.52672681,92.86236394
E10000027,Somerset,67.42817331,16.67653863,2.446741194,710.73,15.89859063,65.09095924,61.49416115,432.3731384,12.35538583,2.9,11.54209,71.82070883,20.8,62.7,29.5,11.93057084,3.46904106,287,47.42,191.2041607,11.78981076,3.175393811,0.966175159,20.4,32.71998813,4.575916954,543.05,3.965568904,7.055400913,7.87,7.95,7.73,2.78,13.03469182,14.9,345.34,7.8339,2163.782456,91.57684098,2.905181104,211.6,0.001332603,6.435478076,8.58,1.39803482,1.39803482,0.62256023,14.32608925,65.06955733,0.97308067,4.543775783,2.226105196,26.68235906,65,72.0434598,89.39445432
E10000028,Staffordshire,65.68117293,16.01553184,2.760169044,814.12,12.37632535,65.38313099,55.25690226,508.2017822,16.82620401,1.5,10.47749,74.97639282,18.9,60.4,27.3,12.74298844,3.131116326,309,65.17,219.8430156,10.3225331,5.023350732,0.911349872,19,34.44312327,4.328558867,550.33,3.58254372,7.482385901,7.85,7.99,7.63,2.76,11.48342744,12.88,241.9,8.128,1207.246007,92.56577297,3.976114358,164.01,0.00236188,3.998999108,6.93,0.92746764,0.92746764,0.562727066,55.56894903,64.0547287,0.771202514,4.288290617,1.959220119,29.81271497,56,71.39501686,91.96405256
E10000029,Suffolk,64.53218705,15.60365859,2.502638324,584.8,13.04318468,64.99292182,56.64087983,541.7669678,13.88174807,3.5,10.90546,71.46417445,19.5,63.8,25.8,12.9509733,3.448222939,307,55.98,192.6084206,9.863008293,3.095705254,0.975102451,21.7,31.93374829,5.148823906,538.19,3.679541401,6.845533978,7.89,8.12,7.72,2.77,11.21938175,12.77,211.46,10.0495,1579.348126,92.11465196,4.512025407,339.47,0.001133849,7.514277127,8.7,1.699927085,1.699927085,0.666965801,12.24748074,64.60783462,0.865994517,4.467347446,2.00477833,25.99726245,37,72.67141407,90.48373193
E10000030,Surrey,55.2396067,13.17975212,2.145996725,521.25,10.21401212,72.77232513,57.18053213,577.3774414,10.51577366,1.5,9.63256,78.36506159,18.8,71.8,15,7.926707952,2.692944146,202,35.65,165.029658,8.027258258,2.970398443,0.86155509,14.3,25.20687018,3.786092186,502.83,3.362573453,5.586615281,7.8,8.01,7.62,2.83,9.712572118,14.96,166.58,10.6391,757.9825726,89.60125004,3.941146249,342.87,0.005461108,5.798640933,12.71,0.877939911,0.877939911,0.497486096,53.83071666,69.92346029,0.859555184,3.401735048,1.516259523,21.44020309,30,70.04560856,83.72219213
E10000031,Warwickshire,62.35800973,15.26280953,2.49031544,674.71,14.28983415,66.98593282,54.98412811,600.3858032,13.87635379,1.6,10.316,72.34825261,22.2,69.4,19.9,10.71912576,3.17011646,353,62.66,212.0082559,10.06131578,4.249370981,0.818685085,21,30.51018933,5.975173442,591.61,3.230614544,6.574687917,7.83,7.96,7.79,2.56,10.41869156,14.71,184.32,9.1855,1339.288609,90.78859585,5.334031899,193.47,0.003171868,13.66000595,8.17,1.272322341,1.272322341,0.5581918,13.1952155,64.34458749,0.909003676,3.900164545,1.695811586,26.99534686,42,71.37562603,91.49682867
E10000032,West Sussex,61.92410075,15.5290423,2.179454499,582.82,12.49948827,68.26609088,57.73220353,637.3998413,12.91910181,2.6,10.83386,71.35455218,17.1,65.2,20.3,11.5088701,2.975479477,260,40.63,189.6409159,8.500470254,2.965530522,1.043344249,18.7,31.56181174,4.589698846,560.47,3.759461563,7.055684359,7.89,8.02,7.78,2.65,11.15032149,16.83,235.05,10.0019,1361.610889,89.86651039,5.270615687,397.13,0.00242336,11.06127715,11.59,0.861366522,0.861366522,0.479128057,53.20357873,64.44592642,0.841251557,4.153469687,1.974379966,23.9227283,37,71.85657422,91.62661421
E10000034,Worcestershire,65.04649415,16.30110603,2.575878594,651.32,11.87023479,66.60803555,56.09600165,478.5965576,14.55347299,1.9,11.0322,71.22969838,17,64.6,26.6,12.43182396,3.28476819,267,67.81,208.0866288,11.09048607,3.451788139,0.837973247,17,31.92345028,5.742409978,586.5,3.852248977,7.357584297,7.84,7.94,7.59,2.77,13.03728978,15.44,151.96,8.534,960.3426268,91.34362118,5.737067345,180.64,0.002566794,9.120743442,8.43,1.524208733,1.524208733,0.580186063,10.75403213,65.39677227,1.292448975,4.292398198,1.991351224,27.60473091,29,72.95206394,90.89675506